{
    "ios": {
        "default": {
            "toolkit_dir": "platforms/ios/Tools/CGAppCLPrepTool",
            "app": "platforms/ios/build/emulator/CordovaiOSSampleApp.app",
            "storeUrl": "http://yourstore.yourdomain.com",
            "appType": "sdkapp",
            "packageId": "",
            "entitlements": "platforms/ios/mdx.entitlements",
            "appIdPrefix": "",
            "minPlatform": "11.0"
        },
        "debug": {
            "mdx": "mdx/ios-debug.mdx"
        },
        "release": {
            "mdx": "mdx/ios-release.mdx"
        }
    }
}